{
    "test_loss_crop": 0.0,
    "test_loss_state": 7.626317748317012,
    "test_acc_crop": 1.0,
    "test_acc_state": 0.11048839071257005,
    "crop_precision": 0.42424242424242425,
    "crop_recall": 0.28277152085234003,
    "crop_f1": 0.32738194883939326,
    "state_precision": 0.14285714285714285,
    "state_recall": 0.07137138282054215,
    "state_f1": 0.09518724734955382,
    "crop_confusion_matrix": [
        [
            625,
            60,
            32,
            0
        ],
        [
            0,
            138,
            346,
            48
        ],
        [
            0,
            0,
            0,
            0
        ],
        [
            0,
            0,
            0,
            0
        ]
    ],
    "state_confusion_matrix": [
        [
            624,
            456,
            155,
            5,
            1,
            2,
            6
        ],
        [
            0,
            0,
            0,
            0,
            0,
            0,
            0
        ],
        [
            0,
            0,
            0,
            0,
            0,
            0,
            0
        ],
        [
            0,
            0,
            0,
            0,
            0,
            0,
            0
        ],
        [
            0,
            0,
            0,
            0,
            0,
            0,
            0
        ],
        [
            0,
            0,
            0,
            0,
            0,
            0,
            0
        ],
        [
            0,
            0,
            0,
            0,
            0,
            0,
            0
        ]
    ]
}